,PassengerId,Pclass,SibSp,Parch,Sex,Age,Fare,Embarked,Name
0,1,3,1,0,male,c,0.0725,S,Mr
1,2,1,1,0,female,d,0.7128329999999999,C,Mrs
2,3,3,0,0,female,c,0.07925,S,Miss
3,4,1,1,0,female,d,0.531,S,Mrs
4,5,3,0,0,male,d,0.0805,S,Mr
5,6,3,0,0,male,b,0.08458299999999999,Q,Mr
6,7,1,0,0,male,f,0.518625,S,Mr
7,8,3,3,1,male,a,0.21075,S,Master
8,9,3,0,2,female,c,0.111333,S,Mrs
9,10,2,1,0,female,b,0.300708,C,Mrs
10,11,3,1,1,female,a,0.16699999999999998,S,Miss
11,12,1,0,0,female,f,0.2655,S,Miss
12,13,3,0,0,male,b,0.0805,S,Mr
13,14,3,1,5,male,d,0.31275,S,Mr
14,15,3,0,0,female,b,0.078542,S,Miss
15,16,2,0,0,female,f,0.16,S,Mrs
16,17,3,4,1,male,a,0.29125,Q,Master
17,18,2,0,0,male,b,0.13,S,Mr
18,19,3,1,0,female,d,0.18,S,Mrs
19,20,3,0,0,female,b,0.07225,C,Mrs
20,21,2,0,0,male,d,0.26,S,Mr
21,22,2,0,0,male,d,0.13,S,Mr
22,23,3,0,0,female,b,0.08029199999999999,Q,Miss
23,24,1,0,0,male,c,0.355,S,Mr
24,25,3,3,1,female,a,0.21075,S,Miss
25,26,3,1,5,female,d,0.313875,S,Mrs
26,27,3,0,0,male,b,0.07225,C,Mr
27,28,1,3,2,male,b,2.63,S,Mr
28,29,3,0,0,female,b,0.078792,Q,Miss
29,30,3,0,0,male,b,0.078958,S,Mr
30,31,1,0,0,male,d,0.277208,C,Don
31,32,1,1,0,female,b,1.465208,C,Mrs
32,33,3,0,0,female,b,0.0775,Q,Miss
33,34,2,0,0,male,g,0.105,S,Mr
34,35,1,1,0,male,c,0.821708,C,Mr
35,36,1,1,0,male,e,0.52,S,Mr
36,37,3,0,0,male,b,0.072292,C,Mr
37,38,3,0,0,male,c,0.0805,S,Mr
38,39,3,2,0,female,b,0.18,S,Miss
39,40,3,1,0,female,b,0.112417,C,Miss
40,41,3,1,0,female,d,0.09475,S,Mrs
41,42,2,1,0,female,c,0.21,S,Mrs
42,43,3,0,0,male,b,0.078958,C,Mr
43,44,2,1,2,female,a,0.415792,C,Miss
44,45,3,0,0,female,b,0.078792,Q,Miss
45,46,3,0,0,male,b,0.0805,S,Mr
46,47,3,1,0,male,b,0.155,Q,Mr
47,48,3,0,0,female,b,0.0775,Q,Miss
48,49,3,2,0,male,b,0.216792,C,Mr
49,50,3,1,0,female,b,0.17800000000000002,S,Mrs
50,51,3,4,1,male,a,0.396875,S,Master
51,52,3,0,0,male,c,0.078,S,Mr
52,53,1,1,0,female,e,0.7672920000000001,C,Mrs
53,54,2,1,0,female,c,0.26,S,Mrs
54,55,1,0,1,male,g,0.619792,C,Mr
55,56,1,0,0,male,b,0.355,S,Mr
56,57,2,0,0,female,c,0.105,S,Miss
57,58,3,0,0,male,c,0.072292,C,Mr
58,59,2,1,2,female,a,0.2775,S,Miss
59,60,3,5,2,male,b,0.469,S,Master
60,61,3,0,0,male,c,0.072292,C,Mr
61,62,1,0,0,female,d,0.8,,Miss
62,63,1,1,0,male,e,0.83475,S,Mr
63,64,3,3,2,male,a,0.27899999999999997,S,Master
64,65,1,0,0,male,b,0.277208,C,Mr
65,66,3,1,1,male,b,0.15245799999999998,C,Master
66,67,2,0,0,female,c,0.105,S,Mrs
67,68,3,0,0,male,b,0.081583,S,Mr
68,69,3,4,2,female,b,0.07925,S,Miss
69,70,3,2,0,male,c,0.086625,S,Mr
70,71,2,0,0,male,d,0.105,S,Mr
71,72,3,5,2,female,b,0.469,S,Miss
72,73,2,0,0,male,c,0.735,S,Mr
73,74,3,1,0,male,c,0.144542,C,Mr
74,75,3,0,0,male,d,0.5649580000000001,S,Mr
75,76,3,0,0,male,c,0.0765,S,Mr
76,77,3,0,0,male,b,0.078958,S,Mr
77,78,3,0,0,male,b,0.0805,S,Mr
78,79,2,0,2,male,a,0.29,S,Master
79,80,3,0,0,female,c,0.12475,S,Miss
80,81,3,0,0,male,c,0.09,S,Mr
81,82,3,0,0,male,c,0.095,S,Mr
82,83,3,0,0,female,b,0.077875,Q,Miss
83,84,1,0,0,male,c,0.47100000000000003,S,Mr
84,85,2,0,0,female,b,0.105,S,Miss
85,86,3,3,0,female,d,0.1585,S,Mrs
86,87,3,1,3,male,b,0.34375,S,Mr
87,88,3,0,0,male,b,0.0805,S,Mr
88,89,1,3,2,female,c,2.63,S,Miss
89,90,3,0,0,male,c,0.0805,S,Mr
90,91,3,0,0,male,c,0.0805,S,Mr
91,92,3,0,0,male,b,0.078542,S,Mr
92,93,1,1,0,male,e,0.61175,S,Mr
93,94,3,1,2,male,c,0.20575,S,Mr
94,95,3,0,0,male,f,0.0725,S,Mr
95,96,3,0,0,male,b,0.0805,S,Mr
96,97,1,0,0,male,g,0.346542,C,Mr
97,98,1,0,1,male,c,0.633583,C,Mr
98,99,2,0,1,female,d,0.23,S,Mrs
99,100,2,1,0,male,d,0.26,S,Mr
100,101,3,0,0,female,c,0.078958,S,Miss
101,102,3,0,0,male,b,0.078958,S,Mr
102,103,1,0,1,male,c,0.772875,S,Mr
103,104,3,0,0,male,d,0.086542,S,Mr
104,105,3,2,0,male,d,0.07925,S,Mr
105,106,3,0,0,male,c,0.078958,S,Mr
106,107,3,0,0,female,c,0.0765,S,Miss
107,108,3,0,0,male,b,0.07775,S,Mr
108,109,3,0,0,male,d,0.078958,S,Mr
109,110,3,1,0,female,b,0.2415,Q,Miss
110,111,1,0,0,male,e,0.52,S,Mr
111,112,3,1,0,female,b,0.144542,C,Miss
112,113,3,0,0,male,c,0.0805,S,Mr
113,114,3,1,0,female,b,0.09824999999999999,S,Miss
114,115,3,0,0,female,b,0.144583,C,Miss
115,116,3,0,0,male,c,0.07925,S,Mr
116,117,3,0,0,male,g,0.0775,Q,Mr
117,118,2,1,0,male,c,0.21,S,Mr
118,119,1,0,1,male,c,2.4752080000000003,C,Mr
119,120,3,4,2,female,a,0.31275,S,Miss
120,121,2,2,0,male,c,0.735,S,Mr
121,122,3,0,0,male,b,0.0805,S,Mr
122,123,2,1,0,male,d,0.300708,C,Mr
123,124,2,0,0,female,d,0.13,S,Miss
124,125,1,0,1,male,f,0.772875,S,Mr
125,126,3,1,0,male,b,0.112417,C,Master
126,127,3,0,0,male,b,0.0775,Q,Mr
127,128,3,0,0,male,c,0.07141700000000001,S,Mr
128,129,3,1,1,female,b,0.223583,C,Miss
129,130,3,0,0,male,e,0.06974999999999999,S,Mr
130,131,3,0,0,male,d,0.078958,C,Mr
131,132,3,0,0,male,b,0.0705,S,Mr
132,133,3,1,0,female,e,0.145,S,Mrs
133,134,2,1,0,female,c,0.26,S,Mrs
134,135,2,0,0,male,c,0.13,S,Mr
135,136,2,0,0,male,c,0.150458,C,Mr
136,137,1,0,2,female,b,0.262833,S,Miss
137,138,1,1,0,male,d,0.531,S,Mr
138,139,3,0,0,male,b,0.092167,S,Mr
139,140,1,0,0,male,c,0.792,C,Mr
140,141,3,0,2,female,b,0.15245799999999998,C,Mrs
141,142,3,0,0,female,c,0.0775,S,Miss
142,143,3,1,0,female,c,0.1585,S,Mrs
143,144,3,0,0,male,b,0.0675,Q,Mr
144,145,2,0,0,male,b,0.115,S,Mr
145,146,2,1,1,male,b,0.3675,S,Mr
146,147,3,0,0,male,c,0.077958,S,Mr
147,148,3,2,2,female,a,0.34375,S,Miss
148,149,2,0,2,male,d,0.26,S,Mr
149,150,2,0,0,male,e,0.13,S,Rev
150,151,2,0,0,male,f,0.12525,S,Rev
151,152,1,1,0,female,c,0.6659999999999999,S,Mrs
152,153,3,0,0,male,f,0.0805,S,Mr
153,154,3,0,2,male,e,0.145,S,Mr
154,155,3,0,0,male,b,0.073125,S,Mr
155,156,1,0,1,male,f,0.613792,C,Mr
156,157,3,0,0,female,b,0.077333,Q,Miss
157,158,3,0,0,male,c,0.0805,S,Mr
158,159,3,0,0,male,b,0.086625,S,Mr
159,160,3,8,2,male,b,0.6955,S,Master
160,161,3,0,1,male,e,0.161,S,Mr
161,162,2,0,0,female,d,0.1575,S,Mrs
162,163,3,0,0,male,c,0.07775,S,Mr
163,164,3,0,0,male,b,0.086625,S,Mr
164,165,3,4,1,male,a,0.396875,S,Master
165,166,3,0,2,male,a,0.20525,S,Master
166,167,1,0,1,female,b,0.55,S,Mrs
167,168,3,1,4,female,e,0.27899999999999997,S,Mrs
168,169,1,0,0,male,b,0.25925,S,Mr
169,170,3,0,0,male,c,0.5649580000000001,S,Mr
170,171,1,0,0,male,g,0.335,S,Mr
171,172,3,4,1,male,a,0.29125,Q,Master
172,173,3,1,1,female,a,0.111333,S,Miss
173,174,3,0,0,male,c,0.07925,S,Mr
174,175,1,0,0,male,f,0.306958,C,Mr
175,176,3,1,1,male,b,0.078542,S,Mr
176,177,3,3,1,male,b,0.254667,S,Master
177,178,1,0,0,female,e,0.28712499999999996,C,Miss
178,179,2,0,0,male,c,0.13,S,Mr
179,180,3,0,0,male,d,0.0,S,Mr
180,181,3,8,2,female,b,0.6955,S,Miss
181,182,2,0,0,male,b,0.1505,C,Mr
182,183,3,4,2,male,a,0.313875,S,Master
183,184,2,2,1,male,a,0.39,S,Master
184,185,3,0,2,female,a,0.22024999999999997,S,Miss
185,186,1,0,0,male,b,0.5,S,Mr
186,187,3,1,0,female,b,0.155,Q,Mrs
187,188,1,0,0,male,e,0.2655,S,Mr
188,189,3,1,1,male,d,0.155,Q,Mr
189,190,3,0,0,male,d,0.078958,S,Mr
190,191,2,0,0,female,d,0.13,S,Mrs
191,192,2,0,0,male,b,0.13,S,Mr
192,193,3,1,0,female,b,0.078542,S,Miss
193,194,2,1,1,male,a,0.26,S,Master
194,195,1,0,0,female,e,0.277208,C,Mrs
195,196,1,0,0,female,f,1.465208,C,Miss
196,197,3,0,0,male,b,0.0775,Q,Mr
197,198,3,0,1,male,e,0.08404199999999999,S,Mr
198,199,3,0,0,female,b,0.0775,Q,Miss
199,200,2,0,0,female,c,0.13,S,Miss
200,201,3,0,0,male,c,0.095,S,Mr
201,202,3,8,2,male,b,0.6955,S,Mr
202,203,3,0,0,male,d,0.064958,S,Mr
203,204,3,0,0,male,e,0.07225,C,Mr
204,205,3,0,0,male,b,0.0805,S,Mr
205,206,3,0,1,female,a,0.10462500000000001,S,Miss
206,207,3,1,0,male,d,0.1585,S,Mr
207,208,3,0,0,male,c,0.18787500000000001,C,Mr
208,209,3,0,0,female,b,0.0775,Q,Miss
209,210,1,0,0,male,d,0.31,C,Mr
210,211,3,0,0,male,c,0.0705,S,Mr
211,212,2,0,0,female,d,0.21,S,Miss
212,213,3,0,0,male,c,0.0725,S,Mr
213,214,2,0,0,male,c,0.13,S,Mr
214,215,3,1,0,male,b,0.0775,Q,Mr
215,216,1,1,0,female,d,1.1327500000000001,C,Miss
216,217,3,0,0,female,c,0.07925,S,Miss
217,218,2,1,0,male,e,0.27,S,Mr
218,219,1,0,0,female,d,0.7629170000000001,C,Miss
219,220,2,0,0,male,c,0.105,S,Mr
220,221,3,0,0,male,b,0.0805,S,Mr
221,222,2,0,0,male,c,0.13,S,Mr
222,223,3,0,0,male,f,0.0805,S,Mr
223,224,3,0,0,male,b,0.078958,S,Mr
224,225,1,1,0,male,d,0.9,S,Mr
225,226,3,0,0,male,c,0.0935,S,Mr
226,227,2,0,0,male,b,0.105,S,Mr
227,228,3,0,0,male,c,0.0725,S,Mr
228,229,2,0,0,male,b,0.13,S,Mr
229,230,3,3,1,female,b,0.254667,S,Miss
230,231,1,1,0,female,d,0.83475,S,Mrs
231,232,3,0,0,male,c,0.07775,S,Mr
232,233,2,0,0,male,f,0.135,S,Mr
233,234,3,4,2,female,a,0.313875,S,Miss
234,235,2,0,0,male,c,0.105,S,Mr
235,236,3,0,0,female,b,0.0755,S,Miss
236,237,2,1,0,male,e,0.26,S,Mr
237,238,2,0,2,female,a,0.2625,S,Miss
238,239,2,0,0,male,b,0.105,S,Mr
239,240,2,0,0,male,d,0.12275,S,Mr
240,241,3,1,0,female,b,0.144542,C,Miss
241,242,3,1,0,female,b,0.155,Q,Miss
242,243,2,0,0,male,c,0.105,S,Mr
243,244,3,0,0,male,c,0.07125,S,Mr
244,245,3,0,0,male,c,0.07225,C,Mr
245,246,1,2,0,male,e,0.9,Q,Dr
246,247,3,0,0,female,c,0.07775,S,Miss
247,248,2,0,2,female,c,0.145,S,Mrs
248,249,1,1,1,male,d,0.5255420000000001,S,Mr
249,250,2,1,0,male,f,0.26,S,Rev
250,251,3,0,0,male,b,0.0725,S,Mr
251,252,3,1,1,female,c,0.10462500000000001,S,Mrs
252,253,1,0,0,male,g,0.2655,S,Mr
253,254,3,1,0,male,c,0.161,S,Mr
254,255,3,0,2,female,e,0.202125,S,Mrs
255,256,3,0,2,female,c,0.15245799999999998,C,Mrs
256,257,1,0,0,female,b,0.792,C,Mrs
257,258,1,0,0,female,c,0.865,S,Miss
258,259,1,0,0,female,d,5.123292,C,Miss
259,260,2,0,1,female,e,0.26,S,Mrs
260,261,3,0,0,male,b,0.0775,Q,Mr
261,262,3,4,2,male,a,0.313875,S,Master
262,263,1,1,1,male,f,0.7965000000000001,S,Mr
263,264,1,0,0,male,d,0.0,S,Mr
264,265,3,0,0,female,b,0.0775,Q,Miss
265,266,2,0,0,male,d,0.105,S,Mr
266,267,3,4,1,male,b,0.396875,S,Mr
267,268,3,1,0,male,c,0.07775,S,Mr
268,269,1,0,1,female,f,1.5346250000000001,S,Mrs
269,270,1,0,0,female,d,1.356333,S,Miss
270,271,1,0,0,male,b,0.31,S,Mr
271,272,3,0,0,male,c,0.0,S,Mr
272,273,2,0,1,female,e,0.195,S,Mrs
273,274,1,0,1,male,d,0.297,C,Mr
274,275,3,0,0,female,b,0.0775,Q,Miss
275,276,1,1,0,female,g,0.7795829999999999,S,Miss
276,277,3,0,0,female,e,0.0775,S,Miss
277,278,2,0,0,male,b,0.0,S,Mr
278,279,3,4,1,male,a,0.29125,Q,Master
279,280,3,1,1,female,d,0.2025,S,Mrs
280,281,3,0,0,male,g,0.0775,Q,Mr
281,282,3,0,0,male,c,0.078542,S,Mr
282,283,3,0,0,male,b,0.095,S,Mr
283,284,3,0,0,male,b,0.0805,S,Mr
284,285,1,0,0,male,b,0.26,S,Mr
285,286,3,0,0,male,d,0.086625,C,Mr
286,287,3,0,0,male,c,0.095,S,Mr
287,288,3,0,0,male,c,0.078958,S,Mr
288,289,2,0,0,male,e,0.13,S,Mr
289,290,3,0,0,female,c,0.0775,Q,Miss
290,291,1,0,0,female,c,0.7885,S,Miss
291,292,1,1,0,female,b,0.910792,C,Mrs
292,293,2,0,0,male,d,0.12875,C,Mr
293,294,3,0,0,female,c,0.0885,S,Miss
294,295,3,0,0,male,c,0.078958,S,Mr
295,296,1,0,0,male,b,0.277208,C,Mr
296,297,3,0,0,male,c,0.072292,C,Mr
297,298,1,1,2,female,a,1.5155,S,Miss
298,299,1,0,0,male,b,0.305,S,Mr
299,300,1,0,1,female,e,2.4752080000000003,C,Mrs
300,301,3,0,0,female,b,0.0775,Q,Miss
301,302,3,2,0,male,b,0.2325,Q,Mr
302,303,3,0,0,male,b,0.0,S,Mr
303,304,2,0,0,female,b,0.1235,Q,Miss
304,305,3,0,0,male,b,0.0805,S,Mr
305,306,1,1,2,male,a,1.5155,S,Master
306,307,1,0,0,female,b,1.108833,C,Miss
307,308,1,1,0,female,b,1.089,C,Mrs
308,309,2,1,0,male,c,0.24,C,Mr
309,310,1,0,0,female,c,0.569292,C,Miss
310,311,1,0,0,female,c,0.831583,C,Miss
311,312,1,2,2,female,b,2.62375,C,Miss
312,313,2,1,1,female,c,0.26,S,Mrs
313,314,3,0,0,male,c,0.078958,S,Mr
314,315,2,1,1,male,e,0.2625,S,Mr
315,316,3,0,0,female,c,0.078542,S,Miss
316,317,2,1,0,female,c,0.26,S,Mrs
317,318,2,0,0,male,f,0.14,S,Dr
318,319,1,0,2,female,d,1.648667,S,Miss
319,320,1,1,1,female,d,1.345,C,Mrs
320,321,3,0,0,male,c,0.0725,S,Mr
321,322,3,0,0,male,c,0.078958,S,Mr
322,323,2,0,0,female,c,0.1235,Q,Miss
323,324,2,1,1,female,c,0.29,S,Mrs
324,325,3,8,2,male,b,0.6955,S,Mr
325,326,1,0,0,female,d,1.356333,C,Miss
326,327,3,0,0,male,g,0.062375,S,Mr
327,328,2,0,0,female,d,0.13,S,Mrs
328,329,3,1,1,female,d,0.20525,S,Mrs
329,330,1,0,1,female,b,0.579792,C,Miss
330,331,3,2,0,female,b,0.2325,Q,Miss
331,332,1,0,0,male,e,0.285,S,Mr
332,333,1,0,1,male,d,1.5346250000000001,S,Mr
333,334,3,2,0,male,b,0.18,S,Mr
334,335,1,1,0,female,b,1.3365,S,Mrs
335,336,3,0,0,male,b,0.078958,S,Mr
336,337,1,1,0,male,c,0.6659999999999999,S,Mr
337,338,1,0,0,female,e,1.345,C,Miss
338,339,3,0,0,male,e,0.0805,S,Mr
339,340,1,0,0,male,e,0.355,S,Mr
340,341,2,1,1,male,a,0.26,S,Master
341,342,1,3,2,female,c,2.63,S,Miss
342,343,2,0,0,male,c,0.13,S,Mr
343,344,2,0,0,male,c,0.13,S,Mr
344,345,2,0,0,male,d,0.13,S,Mr
345,346,2,0,0,female,c,0.13,S,Miss
346,347,2,0,0,female,d,0.13,S,Miss
347,348,3,1,0,female,b,0.161,S,Mrs
348,349,3,1,1,male,a,0.159,S,Master
349,350,3,0,0,male,e,0.086625,S,Mr
350,351,3,0,0,male,c,0.09225,S,Mr
351,352,1,0,0,male,b,0.35,S,Mr
352,353,3,1,1,male,b,0.072292,C,Mr
353,354,3,1,0,male,c,0.17800000000000002,S,Mr
354,355,3,0,0,male,b,0.07225,C,Mr
355,356,3,0,0,male,c,0.095,S,Mr
356,357,1,0,1,female,c,0.55,S,Miss
357,358,2,0,0,female,d,0.13,S,Miss
358,359,3,0,0,female,b,0.078792,Q,Miss
359,360,3,0,0,female,b,0.078792,Q,Miss
360,361,3,1,4,male,d,0.27899999999999997,S,Mr
361,362,2,1,0,male,c,0.277208,C,Mr
362,363,3,0,1,female,e,0.144542,C,Mrs
363,364,3,0,0,male,d,0.0705,S,Mr
364,365,3,1,0,male,b,0.155,Q,Mr
365,366,3,0,0,male,c,0.0725,S,Mr
366,367,1,1,0,female,f,0.7525,C,Mrs
367,368,3,0,0,female,b,0.072292,C,Mrs
368,369,3,0,0,female,b,0.0775,Q,Miss
369,370,1,0,0,female,c,0.693,C,Mme
370,371,1,1,0,male,c,0.5544169999999999,C,Mr
371,372,3,1,0,male,b,0.064958,S,Mr
372,373,3,0,0,male,b,0.0805,S,Mr
373,374,1,0,0,male,c,1.356333,C,Mr
374,375,3,3,1,female,a,0.21075,S,Miss
375,376,1,1,0,female,b,0.821708,C,Mrs
376,377,3,0,0,female,c,0.0725,S,Miss
377,378,1,0,2,male,c,2.115,C,Mr
378,379,3,0,0,male,b,0.040125,C,Mr
379,380,3,0,0,male,b,0.07775,S,Mr
380,381,1,0,0,female,e,2.27525,C,Miss
381,382,3,0,2,female,a,0.157417,C,Miss
382,383,3,0,0,male,d,0.07925,S,Mr
383,384,1,1,0,female,d,0.52,S,Mrs
384,385,3,0,0,male,b,0.078958,S,Mr
385,386,2,0,0,male,b,0.735,S,Mr
386,387,3,5,2,male,a,0.469,S,Master
387,388,2,0,0,female,d,0.13,S,Miss
388,389,3,0,0,male,b,0.077292,Q,Mr
389,390,2,0,0,female,b,0.12,C,Miss
390,391,1,1,2,male,d,1.2,S,Mr
391,392,3,0,0,male,c,0.077958,S,Mr
392,393,3,2,0,male,c,0.07925,S,Mr
393,394,1,1,0,female,c,1.1327500000000001,C,Miss
394,395,3,0,2,female,c,0.16699999999999998,S,Mrs
395,396,3,0,0,male,c,0.077958,S,Mr
396,397,3,0,0,female,d,0.078542,S,Miss
397,398,2,0,0,male,e,0.26,S,Mr
398,399,2,0,0,male,c,0.105,S,Dr
399,400,2,0,0,female,c,0.1265,S,Mrs
400,401,3,0,0,male,d,0.07925,S,Mr
401,402,3,0,0,male,c,0.0805,S,Mr
402,403,3,1,0,female,c,0.09824999999999999,S,Miss
403,404,3,1,0,male,c,0.1585,S,Mr
404,405,3,0,0,female,b,0.086625,S,Miss
405,406,2,1,0,male,d,0.21,S,Mr
406,407,3,0,0,male,f,0.0775,S,Mr
407,408,2,1,1,male,a,0.1875,S,Master
408,409,3,0,0,male,c,0.07775,S,Mr
409,410,3,3,1,female,b,0.254667,S,Miss
410,411,3,0,0,male,b,0.078958,S,Mr
411,412,3,0,0,male,b,0.068583,Q,Mr
412,413,1,1,0,female,d,0.9,Q,Miss
413,414,2,0,0,male,b,0.0,S,Mr
414,415,3,0,0,male,e,0.07925,S,Mr
415,416,3,0,0,female,b,0.0805,S,Mrs
416,417,2,1,1,female,d,0.325,S,Mrs
417,418,2,0,2,female,b,0.13,S,Miss
418,419,2,0,0,male,c,0.13,S,Mr
419,420,3,0,2,female,a,0.2415,S,Miss
420,421,3,0,0,male,b,0.078958,C,Mr
421,422,3,0,0,male,c,0.077333,Q,Mr
422,423,3,0,0,male,c,0.07875,S,Mr
423,424,3,1,1,female,c,0.14400000000000002,S,Mrs
424,425,3,1,1,male,b,0.202125,S,Mr
425,426,3,0,0,male,b,0.0725,S,Mr
426,427,2,1,0,female,c,0.26,S,Mrs
427,428,2,0,0,female,b,0.26,S,Miss
428,429,3,0,0,male,b,0.0775,Q,Mr
429,430,3,0,0,male,d,0.0805,S,Mr
430,431,1,0,0,male,c,0.2655,S,Mr
431,432,3,1,0,female,b,0.161,S,Mrs
432,433,2,1,0,female,e,0.26,S,Mrs
433,434,3,0,0,male,b,0.07125,S,Mr
434,435,1,1,0,male,e,0.5589999999999999,S,Mr
435,436,1,1,2,female,b,1.2,S,Miss
436,437,3,2,2,female,c,0.34375,S,Miss
437,438,2,2,3,female,c,0.1875,S,Mrs
438,439,1,1,4,male,g,2.63,S,Mr
439,440,2,0,0,male,d,0.105,S,Mr
440,441,2,1,1,female,e,0.2625,S,Mrs
441,442,3,0,0,male,b,0.095,S,Mr
442,443,3,1,0,male,c,0.07775,S,Mr
443,444,2,0,0,female,c,0.13,S,Ms
444,445,3,0,0,male,b,0.081125,S,Mr
445,446,1,0,2,male,a,0.818583,S,Master
446,447,2,0,1,female,b,0.195,S,Miss
447,448,1,0,0,male,d,0.2655,S,Mr
448,449,3,2,1,female,a,0.19258299999999998,C,Miss
449,450,1,0,0,male,f,0.305,S,Major
450,451,2,1,2,male,d,0.2775,S,Mr
451,452,3,1,0,male,b,0.19966699999999998,S,Mr
452,453,1,0,0,male,c,0.2775,C,Mr
453,454,1,1,0,male,e,0.8910420000000001,C,Mr
454,455,3,0,0,male,b,0.0805,S,Mr
455,456,3,0,0,male,c,0.078958,C,Mr
456,457,1,0,0,male,g,0.2655,S,Mr
457,458,1,1,0,female,b,0.518625,S,Mrs
458,459,2,0,0,female,e,0.105,S,Miss
459,460,3,0,0,male,b,0.0775,Q,Mr
460,461,1,0,0,male,e,0.2655,S,Mr
461,462,3,0,0,male,d,0.0805,S,Mr
462,463,1,0,0,male,e,0.385,S,Mr
463,464,2,0,0,male,e,0.13,S,Mr
464,465,3,0,0,male,b,0.0805,S,Mr
465,466,3,0,0,male,d,0.0705,S,Mr
466,467,2,0,0,male,b,0.0,S,Mr
467,468,1,0,0,male,f,0.2655,S,Mr
468,469,3,0,0,male,b,0.07725,Q,Mr
469,470,3,2,1,female,a,0.19258299999999998,C,Miss
470,471,3,0,0,male,b,0.0725,S,Mr
471,472,3,0,0,male,d,0.086625,S,Mr
472,473,2,1,2,female,d,0.2775,S,Mrs
473,474,2,0,0,female,c,0.137917,C,Mrs
474,475,3,0,0,female,c,0.098375,S,Miss
475,476,1,0,0,male,b,0.52,S,Mr
476,477,2,1,0,male,d,0.21,S,Mr
477,478,3,1,0,male,c,0.07045799999999999,S,Mr
478,479,3,0,0,male,c,0.075208,S,Mr
479,480,3,0,1,female,a,0.122875,S,Miss
480,481,3,5,2,male,a,0.469,S,Master
481,482,2,0,0,male,b,0.0,S,Mr
482,483,3,0,0,male,e,0.0805,S,Mr
483,484,3,0,0,female,g,0.095875,S,Mrs
484,485,1,1,0,male,c,0.910792,C,Mr
485,486,3,3,1,female,b,0.254667,S,Miss
486,487,1,1,0,female,d,0.9,S,Mrs
487,488,1,0,0,male,f,0.297,C,Mr
488,489,3,0,0,male,c,0.0805,S,Mr
489,490,3,1,1,male,a,0.159,S,Master
490,491,3,1,0,male,b,0.19966699999999998,S,Mr
491,492,3,0,0,male,c,0.0725,S,Mr
492,493,1,0,0,male,f,0.305,S,Mr
493,494,1,0,0,male,g,0.495042,C,Mr
494,495,3,0,0,male,c,0.0805,S,Mr
495,496,3,0,0,male,b,0.144583,C,Mr
496,497,1,1,0,female,f,0.782667,C,Miss
497,498,3,0,0,male,b,0.151,S,Mr
498,499,1,1,2,female,c,1.5155,S,Mrs
499,500,3,0,0,male,c,0.077958,S,Mr
500,501,3,0,0,male,b,0.086625,S,Mr
501,502,3,0,0,female,c,0.0775,Q,Miss
502,503,3,0,0,female,b,0.076292,Q,Miss
503,504,3,0,0,female,d,0.095875,S,Miss
504,505,1,0,0,female,b,0.865,S,Miss
505,506,1,1,0,male,b,1.089,C,Mr
506,507,2,0,2,female,d,0.26,S,Mrs
507,508,1,0,0,male,b,0.2655,S,Mr
508,509,3,0,0,male,c,0.22524999999999998,S,Mr
509,510,3,0,0,male,c,0.5649580000000001,S,Mr
510,511,3,0,0,male,c,0.0775,Q,Mr
511,512,3,0,0,male,b,0.0805,S,Mr
512,513,1,0,0,male,d,0.262875,S,Mr
513,514,1,1,0,female,f,0.594,C,Mrs
514,515,3,0,0,male,c,0.074958,S,Mr
515,516,1,0,0,male,e,0.340208,S,Mr
516,517,2,0,0,female,d,0.105,S,Mrs
517,518,3,0,0,male,b,0.2415,Q,Mr
518,519,2,1,0,female,d,0.26,S,Mrs
519,520,3,0,0,male,d,0.078958,S,Mr
520,521,1,0,0,female,c,0.935,S,Miss
521,522,3,0,0,male,c,0.078958,S,Mr
522,523,3,0,0,male,b,0.07225,C,Mr
523,524,1,0,1,female,e,0.579792,C,Mrs
524,525,3,0,0,male,b,0.072292,C,Mr
525,526,3,0,0,male,e,0.0775,Q,Mr
526,527,2,0,0,female,e,0.105,S,Miss
527,528,1,0,0,male,b,2.217792,S,Mr
528,529,3,0,0,male,d,0.07925,S,Mr
529,530,2,2,1,male,c,0.115,S,Mr
530,531,2,1,1,female,a,0.26,S,Miss
531,532,3,0,0,male,b,0.072292,C,Mr
532,533,3,1,1,male,b,0.072292,C,Mr
533,534,3,0,2,female,b,0.223583,C,Mrs
534,535,3,0,0,female,c,0.086625,S,Miss
535,536,2,0,2,female,a,0.2625,S,Miss
536,537,1,0,0,male,e,0.2655,S,Major
537,538,1,0,0,female,c,1.06425,C,Miss
538,539,3,0,0,male,b,0.145,S,Mr
539,540,1,0,2,female,c,0.495,C,Miss
540,541,1,0,2,female,d,0.71,S,Miss
541,542,3,4,2,female,a,0.31275,S,Miss
542,543,3,4,2,female,b,0.31275,S,Miss
543,544,2,1,0,male,d,0.26,S,Mr
544,545,1,1,0,male,e,1.06425,C,Mr
545,546,1,0,0,male,g,0.26,S,Mr
546,547,2,1,0,female,b,0.26,S,Mrs
547,548,2,0,0,male,b,0.138625,C,Mr
548,549,3,1,1,male,d,0.20525,S,Mr
549,550,2,1,1,male,a,0.3675,S,Master
550,551,1,0,2,male,b,1.108833,C,Mr
551,552,2,0,0,male,c,0.26,S,Mr
552,553,3,0,0,male,b,0.078292,Q,Mr
553,554,3,0,0,male,c,0.07225,C,Mr
554,555,3,0,0,female,c,0.07775,S,Miss
555,556,1,0,0,male,g,0.2655,S,Mr
556,557,1,1,0,female,e,0.396,C,Lady
557,558,1,0,0,male,b,2.27525,C,Mr
558,559,1,1,1,female,d,0.7965000000000001,S,Mrs
559,560,3,1,0,female,d,0.174,S,Mrs
560,561,3,0,0,male,b,0.0775,Q,Mr
561,562,3,0,0,male,d,0.078958,S,Mr
562,563,2,0,0,male,c,0.135,S,Mr
563,564,3,0,0,male,b,0.0805,S,Mr
564,565,3,0,0,female,b,0.0805,S,Miss
565,566,3,2,0,male,c,0.2415,S,Mr
566,567,3,0,0,male,b,0.078958,S,Mr
567,568,3,0,4,female,c,0.21075,S,Mrs
568,569,3,0,0,male,b,0.072292,C,Mr
569,570,3,0,0,male,d,0.078542,S,Mr
570,571,2,0,0,male,g,0.105,S,Mr
571,572,1,2,0,female,f,0.514792,S,Mrs
572,573,1,0,0,male,d,0.26387499999999997,S,Mr
573,574,3,0,0,female,b,0.0775,Q,Miss
574,575,3,0,0,male,b,0.0805,S,Mr
575,576,3,0,0,male,b,0.145,S,Mr
576,577,2,0,0,female,d,0.13,S,Miss
577,578,1,1,0,female,d,0.5589999999999999,S,Mrs
578,579,3,1,0,female,b,0.144583,C,Mrs
579,580,3,0,0,male,d,0.07925,S,Mr
580,581,2,1,1,female,c,0.3,S,Miss
581,582,1,1,1,female,d,1.108833,C,Mrs
582,583,2,0,0,male,f,0.26,S,Mr
583,584,1,0,0,male,d,0.40125,C,Mr
584,585,3,0,0,male,b,0.08712500000000001,C,Mr
585,586,1,0,2,female,b,0.7965000000000001,S,Miss
586,587,2,0,0,male,e,0.15,S,Mr
587,588,1,1,1,male,f,0.792,C,Mr
588,589,3,0,0,male,c,0.0805,S,Mr
589,590,3,0,0,male,b,0.0805,S,Mr
590,591,3,0,0,male,d,0.07125,S,Mr
591,592,1,1,0,female,f,0.782667,C,Mrs
592,593,3,0,0,male,e,0.0725,S,Mr
593,594,3,0,2,female,b,0.0775,Q,Miss
594,595,2,1,0,male,d,0.26,S,Mr
595,596,3,1,1,male,d,0.2415,S,Mr
596,597,2,0,0,female,b,0.33,S,Miss
597,598,3,0,0,male,e,0.0,S,Mr
598,599,3,0,0,male,b,0.07225,C,Mr
599,600,1,1,0,male,e,0.569292,C,Sir
600,601,2,2,1,female,c,0.27,S,Mrs
601,602,3,0,0,male,b,0.078958,S,Mr
602,603,1,0,0,male,b,0.424,S,Mr
603,604,3,0,0,male,e,0.0805,S,Mr
604,605,1,0,0,male,d,0.2655,C,Mr
605,606,3,1,0,male,d,0.1555,S,Mr
606,607,3,0,0,male,c,0.078958,S,Mr
607,608,1,0,0,male,c,0.305,S,Mr
608,609,2,1,2,female,c,0.415792,C,Mrs
609,610,1,0,0,female,d,1.5346250000000001,S,Miss
610,611,3,1,5,female,d,0.31275,S,Mrs
611,612,3,0,0,male,b,0.0705,S,Mr
612,613,3,1,0,female,b,0.155,Q,Miss
613,614,3,0,0,male,b,0.0775,Q,Mr
614,615,3,0,0,male,d,0.0805,S,Mr
615,616,2,1,2,female,c,0.65,S,Miss
616,617,3,1,1,male,d,0.14400000000000002,S,Mr
617,618,3,1,0,female,c,0.161,S,Mrs
618,619,2,2,1,female,a,0.39,S,Miss
619,620,2,0,0,male,c,0.105,S,Mr
620,621,3,1,0,male,c,0.144542,C,Mr
621,622,1,1,0,male,e,0.5255420000000001,S,Mr
622,623,3,1,1,male,b,0.157417,C,Mr
623,624,3,0,0,male,c,0.078542,S,Mr
624,625,3,0,0,male,c,0.161,S,Mr
625,626,1,0,0,male,g,0.323208,S,Mr
626,627,2,0,0,male,f,0.1235,Q,Rev
627,628,1,0,0,female,c,0.7795829999999999,S,Miss
628,629,3,0,0,male,c,0.078958,S,Mr
629,630,3,0,0,male,b,0.077333,Q,Mr
630,631,1,0,0,male,g,0.3,S,Mr
631,632,3,0,0,male,f,0.070542,S,Mr
632,633,1,0,0,male,d,0.305,C,Dr
633,634,1,0,0,male,b,0.0,S,Mr
634,635,3,3,2,female,a,0.27899999999999997,S,Miss
635,636,2,0,0,female,c,0.13,S,Miss
636,637,3,0,0,male,d,0.07925,S,Mr
637,638,2,1,1,male,d,0.2625,S,Mr
638,639,3,0,5,female,e,0.396875,S,Mrs
639,640,3,1,0,male,b,0.161,S,Mr
640,641,3,0,0,male,b,0.078542,S,Mr
641,642,1,0,0,female,c,0.693,C,Mlle
642,643,3,3,2,female,a,0.27899999999999997,S,Miss
643,644,3,0,0,male,b,0.5649580000000001,S,Mr
644,645,3,2,1,female,a,0.19258299999999998,C,Miss
645,646,1,1,0,male,e,0.7672920000000001,C,Mr
646,647,3,0,0,male,b,0.078958,S,Mr
647,648,1,0,0,male,f,0.355,C,Col
648,649,3,0,0,male,b,0.0755,S,Mr
649,650,3,0,0,female,c,0.0755,S,Miss
650,651,3,0,0,male,b,0.078958,S,Mr
651,652,2,0,1,female,b,0.23,S,Miss
652,653,3,0,0,male,c,0.08433299999999999,S,Mr
653,654,3,0,0,female,b,0.078292,Q,Miss
654,655,3,0,0,female,b,0.0675,Q,Miss
655,656,2,2,0,male,c,0.735,S,Mr
656,657,3,0,0,male,b,0.078958,S,Mr
657,658,3,1,1,female,d,0.155,Q,Mrs
658,659,2,0,0,male,c,0.13,S,Mr
659,660,1,0,2,male,f,1.1327500000000001,C,Mr
660,661,1,2,0,male,e,1.3365,S,Dr
661,662,3,0,0,male,d,0.07225,C,Mr
662,663,1,0,0,male,e,0.25587499999999996,S,Mr
663,664,3,0,0,male,d,0.074958,S,Mr
664,665,3,1,0,male,b,0.07925,S,Mr
665,666,2,2,0,male,d,0.735,S,Mr
666,667,2,0,0,male,c,0.13,S,Mr
667,668,3,0,0,male,b,0.07775,S,Mr
668,669,3,0,0,male,e,0.0805,S,Mr
669,670,1,1,0,female,b,0.52,S,Mrs
670,671,2,1,1,female,d,0.39,S,Mrs
671,672,1,1,0,male,d,0.52,S,Mr
672,673,2,0,0,male,g,0.105,S,Mr
673,674,2,0,0,male,d,0.13,S,Mr
674,675,2,0,0,male,b,0.0,S,Mr
675,676,3,0,0,male,b,0.07775,S,Mr
676,677,3,0,0,male,c,0.0805,S,Mr
677,678,3,0,0,female,b,0.09841699999999999,S,Miss
678,679,3,1,6,female,e,0.469,S,Mrs
679,680,1,0,1,male,d,5.123292,C,Mr
680,681,3,0,0,female,b,0.08137499999999999,Q,Miss
681,682,1,0,0,male,c,0.7672920000000001,C,Mr
682,683,3,0,0,male,b,0.09225,S,Mr
683,684,3,5,2,male,b,0.469,S,Mr
684,685,2,1,1,male,f,0.39,S,Mr
685,686,2,1,2,male,c,0.415792,C,Mr
686,687,3,4,1,male,b,0.396875,S,Mr
687,688,3,0,0,male,b,0.10170799999999999,S,Mr
688,689,3,0,0,male,b,0.077958,S,Mr
689,690,1,0,1,female,b,2.113375,S,Miss
690,691,1,1,0,male,d,0.57,S,Mr
691,692,3,0,1,female,a,0.134167,C,Miss
692,693,3,0,0,male,b,0.5649580000000001,S,Mr
693,694,3,0,0,male,c,0.07225,C,Mr
694,695,1,0,0,male,f,0.2655,S,Col
695,696,2,0,0,male,f,0.135,S,Mr
696,697,3,0,0,male,e,0.0805,S,Mr
697,698,3,0,0,female,b,0.077333,Q,Miss
698,699,1,1,1,male,e,1.108833,C,Mr
699,700,3,0,0,male,e,0.0765,S,Mr
700,701,1,1,0,female,b,2.27525,C,Mrs
701,702,1,0,0,male,d,0.262875,S,Mr
702,703,3,0,1,female,b,0.144542,C,Miss
703,704,3,0,0,male,c,0.077417,Q,Mr
704,705,3,1,0,male,c,0.078542,S,Mr
705,706,2,0,0,male,d,0.26,S,Mr
706,707,2,0,0,female,e,0.135,S,Mrs
707,708,1,0,0,male,e,0.262875,S,Mr
708,709,1,0,0,female,c,1.5155,S,Miss
709,710,3,1,1,male,b,0.15245799999999998,C,Master
710,711,1,0,0,female,c,0.495042,C,Mlle
711,712,1,0,0,male,b,0.2655,S,Mr
712,713,1,1,0,male,e,0.52,S,Mr
713,714,3,0,0,male,c,0.094833,S,Mr
714,715,2,0,0,male,f,0.13,S,Mr
715,716,3,0,0,male,b,0.0765,S,Mr
716,717,1,0,0,female,d,2.27525,C,Miss
717,718,2,0,0,female,c,0.105,S,Miss
718,719,3,0,0,male,b,0.155,Q,Mr
719,720,3,0,0,male,d,0.07775,S,Mr
720,721,2,0,1,female,a,0.33,S,Miss
721,722,3,1,0,male,b,0.070542,S,Mr
722,723,2,0,0,male,d,0.13,S,Mr
723,724,2,0,0,male,e,0.13,S,Mr
724,725,1,1,0,male,c,0.531,S,Mr
725,726,3,0,0,male,b,0.086625,S,Mr
726,727,2,3,0,female,c,0.21,S,Mrs
727,728,3,0,0,female,b,0.077375,Q,Miss
728,729,2,1,0,male,c,0.26,S,Mr
729,730,3,1,0,female,c,0.07925,S,Miss
730,731,1,0,0,female,c,2.113375,S,Miss
731,732,3,0,0,male,b,0.18787500000000001,C,Mr
732,733,2,0,0,male,b,0.0,S,Mr
733,734,2,0,0,male,c,0.13,S,Mr
734,735,2,0,0,male,c,0.13,S,Mr
735,736,3,0,0,male,c,0.161,S,Mr
736,737,3,1,3,female,e,0.34375,S,Mrs
737,738,1,0,0,male,d,5.123292,C,Mr
738,739,3,0,0,male,b,0.078958,S,Mr
739,740,3,0,0,male,b,0.078958,S,Mr
740,741,1,0,0,male,b,0.3,S,Mr
741,742,1,1,0,male,d,0.7885,S,Mr
742,743,1,2,2,female,c,2.62375,C,Miss
743,744,3,1,0,male,c,0.161,S,Mr
744,745,3,0,0,male,d,0.07925,S,Mr
745,746,1,1,1,male,g,0.71,S,Capt
746,747,3,1,1,male,b,0.2025,S,Mr
747,748,2,0,0,female,c,0.13,S,Miss
748,749,1,1,0,male,b,0.531,S,Mr
749,750,3,0,0,male,d,0.0775,Q,Mr
750,751,2,1,1,female,a,0.23,S,Miss
751,752,3,0,1,male,a,0.12475,S,Master
752,753,3,0,0,male,d,0.095,S,Mr
753,754,3,0,0,male,c,0.078958,S,Mr
754,755,2,1,2,female,e,0.65,S,Mrs
755,756,2,1,1,male,a,0.145,S,Master
756,757,3,0,0,male,c,0.077958,S,Mr
757,758,2,0,0,male,b,0.115,S,Mr
758,759,3,0,0,male,d,0.0805,S,Mr
759,760,1,0,0,female,d,0.865,S,the Countess
760,761,3,0,0,male,b,0.145,S,Mr
761,762,3,0,0,male,e,0.07125,S,Mr
762,763,3,0,0,male,b,0.072292,C,Mr
763,764,1,1,2,female,d,1.2,S,Mrs
764,765,3,0,0,male,b,0.07775,S,Mr
765,766,1,1,0,female,f,0.7795829999999999,S,Mrs
766,767,1,0,0,male,b,0.396,C,Dr
767,768,3,0,0,female,d,0.0775,Q,Miss
768,769,3,1,0,male,b,0.2415,Q,Mr
769,770,3,0,0,male,d,0.083625,S,Mr
770,771,3,0,0,male,c,0.095,S,Mr
771,772,3,0,0,male,e,0.078542,S,Mr
772,773,2,0,0,female,f,0.105,S,Mrs
773,774,3,0,0,male,b,0.07225,C,Mr
774,775,2,1,3,female,f,0.23,S,Mrs
775,776,3,0,0,male,b,0.0775,S,Mr
776,777,3,0,0,male,b,0.0775,Q,Mr
777,778,3,0,0,female,a,0.12475,S,Miss
778,779,3,0,0,male,b,0.077375,Q,Mr
779,780,1,0,1,female,e,2.113375,S,Mrs
780,781,3,0,0,female,b,0.072292,C,Miss
781,782,1,1,0,female,b,0.57,S,Mrs
782,783,1,0,0,male,c,0.3,S,Mr
783,784,3,1,2,male,b,0.2345,S,Mr
784,785,3,0,0,male,c,0.0705,S,Mr
785,786,3,0,0,male,c,0.0725,S,Mr
786,787,3,0,0,female,b,0.074958,S,Miss
787,788,3,4,1,male,a,0.29125,Q,Master
788,789,3,1,2,male,a,0.20575,S,Master
789,790,1,0,0,male,e,0.792,C,Mr
790,791,3,0,0,male,b,0.0775,Q,Mr
791,792,2,0,0,male,b,0.26,S,Mr
792,793,3,8,2,female,b,0.6955,S,Miss
793,794,1,0,0,male,b,0.306958,C,Mr
794,795,3,0,0,male,c,0.078958,S,Mr
795,796,2,0,0,male,d,0.13,S,Mr
796,797,1,0,0,female,e,0.259292,S,Dr
797,798,3,0,0,female,d,0.086833,S,Mrs
798,799,3,0,0,male,c,0.072292,C,Mr
799,800,3,1,1,female,c,0.2415,S,Mrs
800,801,2,0,0,male,d,0.13,S,Mr
801,802,2,1,1,female,d,0.2625,S,Mrs
802,803,1,1,2,male,b,1.2,S,Master
803,804,3,0,1,male,a,0.085167,C,Master
804,805,3,0,0,male,c,0.06974999999999999,S,Mr
805,806,3,0,0,male,d,0.07775,S,Mr
806,807,1,0,0,male,d,0.0,S,Mr
807,808,3,0,0,female,b,0.07775,S,Miss
808,809,2,0,0,male,d,0.13,S,Mr
809,810,1,1,0,female,d,0.531,S,Mrs
810,811,3,0,0,male,c,0.078875,S,Mr
811,812,3,0,0,male,d,0.2415,S,Mr
812,813,2,0,0,male,d,0.105,S,Mr
813,814,3,4,2,female,a,0.31275,S,Miss
814,815,3,0,0,male,d,0.0805,S,Mr
815,816,1,0,0,male,b,0.0,S,Mr
816,817,3,0,0,female,c,0.07925,S,Miss
817,818,2,1,1,male,d,0.370042,C,Mr
818,819,3,0,0,male,e,0.0645,S,Mr
819,820,3,3,2,male,a,0.27899999999999997,S,Master
820,821,1,1,1,female,f,0.935,S,Mrs
821,822,3,0,0,male,c,0.086625,S,Mr
822,823,1,0,0,male,d,0.0,S,Jonkheer
823,824,3,0,1,female,c,0.12475,S,Mrs
824,825,3,4,1,male,a,0.396875,S,Master
825,826,3,0,0,male,b,0.0695,Q,Mr
826,827,3,0,0,male,b,0.5649580000000001,S,Mr
827,828,2,0,2,male,a,0.370042,C,Master
828,829,3,0,0,male,b,0.0775,Q,Mr
829,830,1,0,0,female,g,0.8,,Mrs
830,831,3,1,0,female,b,0.144542,C,Mrs
831,832,2,1,1,male,a,0.1875,S,Master
832,833,3,0,0,male,b,0.072292,C,Mr
833,834,3,0,0,male,c,0.078542,S,Mr
834,835,3,0,0,male,b,0.083,S,Mr
835,836,1,1,1,female,d,0.831583,C,Miss
836,837,3,0,0,male,c,0.086625,S,Mr
837,838,3,0,0,male,b,0.0805,S,Mr
838,839,3,0,0,male,d,0.5649580000000001,S,Mr
839,840,1,0,0,male,b,0.297,C,Mr
840,841,3,0,0,male,b,0.07925,S,Mr
841,842,2,0,0,male,b,0.105,S,Mr
842,843,1,0,0,female,c,0.31,C,Miss
843,844,3,0,0,male,d,0.064375,C,Mr
844,845,3,0,0,male,b,0.086625,S,Mr
845,846,3,0,0,male,e,0.0755,S,Mr
846,847,3,8,2,male,b,0.6955,S,Mr
847,848,3,0,0,male,d,0.078958,C,Mr
848,849,2,0,1,male,c,0.33,S,Rev
849,850,1,1,0,female,b,0.8910420000000001,C,Mrs
850,851,3,4,2,male,a,0.31275,S,Master
851,852,3,0,0,male,g,0.07775,S,Mr
852,853,3,1,1,female,a,0.15245799999999998,C,Miss
853,854,1,0,1,female,b,0.39399999999999996,S,Miss
854,855,2,1,0,female,e,0.26,S,Mrs
855,856,3,0,1,female,b,0.0935,S,Mrs
856,857,1,1,1,female,e,1.648667,S,Mrs
857,858,1,0,0,male,f,0.2655,S,Mr
858,859,3,0,3,female,c,0.19258299999999998,C,Mrs
859,860,3,0,0,male,b,0.072292,C,Mr
860,861,3,2,0,male,e,0.141083,S,Mr
861,862,2,1,0,male,c,0.115,S,Mr
862,863,1,0,0,female,e,0.259292,S,Mrs
863,864,3,8,2,female,b,0.6955,S,Miss
864,865,2,0,0,male,c,0.13,S,Mr
865,866,2,0,0,female,e,0.13,S,Mrs
866,867,2,1,0,female,c,0.138583,C,Miss
867,868,1,0,0,male,d,0.504958,S,Mr
868,869,3,0,0,male,b,0.095,S,Mr
869,870,3,1,1,male,a,0.111333,S,Master
870,871,3,0,0,male,c,0.078958,S,Mr
871,872,1,1,1,female,e,0.5255420000000001,S,Mrs
872,873,1,0,0,male,d,0.05,S,Mr
873,874,3,0,0,male,e,0.09,S,Mr
874,875,2,1,0,female,c,0.24,C,Mrs
875,876,3,0,0,female,b,0.07225,C,Miss
876,877,3,0,0,male,b,0.098458,S,Mr
877,878,3,0,0,male,b,0.078958,S,Mr
878,879,3,0,0,male,b,0.078958,S,Mr
879,880,1,0,1,female,f,0.831583,C,Mrs
880,881,2,0,1,female,c,0.26,S,Mrs
881,882,3,0,0,male,d,0.078958,S,Mr
882,883,3,0,0,female,c,0.105167,S,Miss
883,884,2,0,0,male,c,0.105,S,Mr
884,885,3,0,0,male,c,0.0705,S,Mr
885,886,3,0,5,female,d,0.29125,Q,Mrs
886,887,2,0,0,male,c,0.13,S,Rev
887,888,1,0,0,female,b,0.3,S,Miss
888,889,3,1,2,female,b,0.2345,S,Miss
889,890,1,0,0,male,c,0.3,C,Mr
890,891,3,0,0,male,d,0.0775,Q,Mr
891,892,3,0,0,male,d,0.078292,Q,Mr
892,893,3,1,0,female,e,0.07,S,Mrs
893,894,2,0,0,male,g,0.096875,Q,Mr
894,895,3,0,0,male,c,0.086625,S,Mr
895,896,3,1,1,female,c,0.122875,S,Mrs
896,897,3,0,0,male,b,0.09225,S,Mr
897,898,3,0,0,female,c,0.076292,Q,Miss
898,899,2,1,1,male,c,0.29,S,Mr
899,900,3,0,0,female,b,0.072292,C,Mrs
900,901,3,2,0,male,c,0.2415,S,Mr
901,902,3,0,0,male,b,0.078958,S,Mr
902,903,1,0,0,male,e,0.26,S,Mr
903,904,1,1,0,female,c,0.822667,S,Mrs
904,905,2,1,0,male,g,0.26,S,Mr
905,906,1,1,0,female,e,0.61175,S,Mrs
906,907,2,1,0,female,c,0.277208,C,Mrs
907,908,2,0,0,male,d,0.1235,Q,Mr
908,909,3,0,0,male,c,0.07225,C,Mr
909,910,3,1,0,female,c,0.07925,S,Miss
910,911,3,0,0,female,e,0.07225,C,Mrs
911,912,1,1,0,male,f,0.594,C,Mr
912,913,3,0,1,male,a,0.031708,S,Master
913,914,1,0,0,female,b,0.316833,S,Mrs
914,915,1,0,1,male,c,0.613792,C,Mr
915,916,1,1,3,female,e,2.62375,C,Mrs
916,917,3,1,0,male,e,0.145,S,Mr
917,918,1,0,1,female,c,0.619792,C,Miss
918,919,3,0,0,male,c,0.07225,C,Mr
919,920,1,0,0,male,e,0.305,S,Mr
920,921,3,2,0,male,b,0.216792,C,Mr
921,922,2,1,0,male,e,0.26,S,Mr
922,923,2,2,0,male,c,0.315,S,Mr
923,924,3,1,2,female,d,0.20575,S,Mrs
924,925,3,1,2,female,b,0.2345,S,Mrs
925,926,1,1,0,male,c,0.5775,C,Mr
926,927,3,0,0,male,b,0.072292,C,Mr
927,928,3,0,0,female,b,0.0805,S,Miss
928,929,3,0,0,female,c,0.086625,S,Miss
929,930,3,0,0,male,c,0.095,S,Mr
930,931,3,0,0,male,b,0.5649580000000001,S,Mr
931,932,3,0,1,male,d,0.134167,C,Mr
932,933,1,0,0,male,b,0.2655,S,Mr
933,934,3,0,0,male,e,0.0785,S,Mr
934,935,2,0,0,female,c,0.13,S,Mrs
935,936,1,1,0,female,e,0.5255420000000001,S,Mrs
936,937,3,0,0,male,c,0.07925,S,Mr
937,938,1,0,0,male,e,0.297,C,Mr
938,939,3,0,0,male,b,0.0775,Q,Mr
939,940,1,0,0,female,f,0.7629170000000001,C,Mrs
940,941,3,0,2,female,d,0.159,S,Mrs
941,942,1,1,0,male,c,0.6,S,Mr
942,943,2,0,0,male,c,0.150333,C,Mr
943,944,2,2,1,female,b,0.23,S,Miss
944,945,1,3,2,female,c,2.63,S,Miss
945,946,2,0,0,male,b,0.155792,C,Mr
946,947,3,4,1,male,a,0.29125,Q,Master
947,948,3,0,0,male,d,0.078958,S,Mr
948,949,3,0,0,male,c,0.0765,S,Mr
949,950,3,1,0,male,b,0.161,S,Mr
950,951,1,0,0,female,d,2.62375,C,Miss
951,952,3,0,0,male,b,0.078958,S,Mr
952,953,2,0,0,male,d,0.135,S,Mr
953,954,3,0,0,male,b,0.0775,S,Mr
954,955,3,0,0,female,c,0.07725,Q,Miss
955,956,1,2,2,male,b,2.62375,C,Master
956,957,2,0,0,female,b,0.21,S,Mrs
957,958,3,0,0,female,b,0.078792,Q,Miss
958,959,1,0,0,male,e,0.424,S,Mr
959,960,1,0,0,male,d,0.285375,C,Mr
960,961,1,1,4,female,f,2.63,S,Mrs
961,962,3,0,0,female,c,0.0775,Q,Miss
962,963,3,0,0,male,c,0.078958,S,Mr
963,964,3,0,0,female,c,0.07925,S,Miss
964,965,1,0,0,male,c,0.277208,C,Mr
965,966,1,0,0,female,d,2.115,C,Miss
966,967,1,0,0,male,d,2.115,C,Mr
967,968,3,0,0,male,b,0.0805,S,Mr
968,969,1,2,0,female,f,0.257,S,Mrs
969,970,2,0,0,male,c,0.13,S,Mr
970,971,3,0,0,female,c,0.0775,Q,Miss
971,972,3,1,1,male,a,0.15245799999999998,C,Master
972,973,1,1,0,male,g,2.217792,S,Mr
973,974,1,0,0,male,e,0.26,S,Mr
974,975,3,0,0,male,b,0.078958,S,Mr
975,976,2,0,0,male,b,0.107083,Q,Mr
976,977,3,1,0,male,b,0.144542,C,Mr
977,978,3,0,0,female,c,0.078792,Q,Miss
978,979,3,0,0,female,b,0.0805,S,Miss
979,980,3,0,0,female,b,0.0775,Q,Ms
980,981,2,1,1,male,a,0.23,S,Master
981,982,3,1,0,female,c,0.139,S,Mrs
982,983,3,0,0,male,b,0.07775,S,Mr
983,984,1,1,2,female,c,0.52,S,Mrs
984,985,3,0,0,male,b,0.0805,S,Mr
985,986,1,0,0,male,c,0.26,C,Mr
986,987,3,0,0,male,c,0.077958,S,Mr
987,988,1,1,0,female,g,0.7885,S,Mrs
988,989,3,0,0,male,c,0.07925,S,Mr
989,990,3,0,0,female,b,0.078542,S,Miss
990,991,3,0,0,male,d,0.0805,S,Mr
991,992,1,1,0,female,e,0.5544169999999999,C,Mrs
992,993,2,1,0,male,c,0.26,S,Mr
993,994,3,0,0,male,b,0.0775,Q,Mr
994,995,3,0,0,male,c,0.07775,S,Mr
995,996,3,1,1,female,b,0.085167,C,Mrs
996,997,3,0,0,male,c,0.22524999999999998,S,Mr
997,998,3,0,0,male,c,0.078208,Q,Mr
998,999,3,0,0,male,b,0.0775,Q,Mr
999,1000,3,0,0,male,b,0.08712500000000001,S,Mr
1000,1001,2,0,0,male,b,0.13,S,Mr
1001,1002,2,0,0,male,e,0.150458,C,Mr
1002,1003,3,0,0,female,b,0.077792,Q,Miss
1003,1004,1,0,0,female,d,0.316792,C,Miss
1004,1005,3,0,0,female,b,0.072833,Q,Miss
1005,1006,1,1,0,female,g,2.217792,S,Mrs
1006,1007,3,1,0,male,b,0.144542,C,Mr
1007,1008,3,0,0,male,b,0.064375,C,Mr
1008,1009,3,1,1,female,a,0.16699999999999998,S,Miss
1009,1010,1,0,0,male,d,0.7524169999999999,C,Mr
1010,1011,2,1,0,female,c,0.26,S,Mrs
1011,1012,2,0,0,female,b,0.1575,S,Miss
1012,1013,3,1,0,male,b,0.0775,Q,Mr
1013,1014,1,1,0,female,d,0.5775,C,Mrs
1014,1015,3,0,0,male,c,0.0725,S,Mr
1015,1016,3,0,0,male,b,0.0775,Q,Mr
1016,1017,3,0,1,female,b,0.161,S,Miss
1017,1018,3,0,0,male,c,0.077958,S,Mr
1018,1019,3,2,0,female,b,0.2325,Q,Miss
1019,1020,2,0,0,male,e,0.13,S,Mr
1020,1021,3,0,0,male,c,0.0805,S,Mr
1021,1022,3,0,0,male,d,0.0805,S,Mr
1022,1023,1,0,0,male,f,0.285,C,Col
1023,1024,3,0,4,female,b,0.254667,S,Mrs
1024,1025,3,1,0,male,b,0.064375,C,Mr
1025,1026,3,0,0,male,e,0.078958,S,Mr
1026,1027,3,0,0,male,c,0.078542,S,Mr
1027,1028,3,0,0,male,c,0.07225,C,Mr
1028,1029,2,0,0,male,c,0.13,S,Mr
1029,1030,3,0,0,female,c,0.0805,S,Miss
1030,1031,3,1,6,male,d,0.469,S,Mr
1031,1032,3,5,2,female,a,0.469,S,Miss
1032,1033,1,0,0,female,d,1.5155,S,Miss
1033,1034,1,1,3,male,g,2.62375,C,Mr
1034,1035,2,0,0,male,c,0.26,S,Mr
1035,1036,1,0,0,male,e,0.2655,S,Mr
1036,1037,3,3,0,male,d,0.18,S,Mr
1037,1038,1,0,0,male,b,0.518625,S,Mr
1038,1039,3,0,0,male,c,0.0805,S,Mr
1039,1040,1,0,0,male,b,0.2655,S,Mr
1040,1041,2,1,1,male,c,0.26,S,Rev
1041,1042,1,0,1,female,c,0.831583,C,Mrs
1042,1043,3,0,0,male,b,0.078958,C,Mr
1043,1044,3,0,0,male,g,,S,Mr
1044,1045,3,0,2,female,d,0.121833,S,Mrs
1045,1046,3,4,2,male,b,0.313875,S,Master
1046,1047,3,0,0,male,c,0.0755,S,Mr
1047,1048,1,0,0,female,c,2.217792,S,Miss
1048,1049,3,0,0,female,c,0.078542,S,Miss
1049,1050,1,0,0,male,e,0.2655,S,Mr
1050,1051,3,0,2,female,c,0.13775,S,Mrs
1051,1052,3,0,0,female,b,0.077333,Q,Miss
1052,1053,3,1,1,male,a,0.15245799999999998,C,Master
1053,1054,2,0,0,female,c,0.135,S,Miss
1054,1055,3,0,0,male,b,0.07,S,Mr
1055,1056,2,0,0,male,e,0.13,S,Rev
1056,1057,3,1,1,female,c,0.22024999999999997,S,Mrs
1057,1058,1,0,0,male,e,0.504958,C,Mr
1058,1059,3,2,2,male,b,0.34375,S,Mr
1059,1060,1,0,0,female,b,0.277208,C,Mrs
1060,1061,3,0,0,female,c,0.08962500000000001,S,Miss
1061,1062,3,0,0,male,b,0.0755,S,Mr
1062,1063,3,0,0,male,c,0.07225,C,Mr
1063,1064,3,1,0,male,c,0.139,S,Mr
1064,1065,3,0,0,male,b,0.072292,C,Mr
1065,1066,3,1,5,male,d,0.313875,S,Mr
1066,1067,2,0,2,female,b,0.39,S,Miss
1067,1068,2,0,0,female,b,0.3675,S,Miss
1068,1069,1,1,0,male,f,0.5544169999999999,C,Mr
1069,1070,2,0,3,female,d,0.39,S,Mrs
1070,1071,1,0,2,female,g,0.831583,C,Mrs
1071,1072,2,0,0,male,c,0.13,S,Mr
1072,1073,1,1,1,male,d,0.831583,C,Mr
1073,1074,1,1,0,female,b,0.531,S,Mrs
1074,1075,3,0,0,male,b,0.0775,Q,Mr
1075,1076,1,1,1,female,c,2.4752080000000003,C,Mrs
1076,1077,2,0,0,male,d,0.16,S,Mr
1077,1078,2,0,1,female,c,0.21,S,Miss
1078,1079,3,2,0,male,b,0.0805,S,Mr
1079,1080,3,8,2,female,b,0.6955,S,Miss
1080,1081,2,0,0,male,d,0.13,S,Mr
1081,1082,2,1,0,male,d,0.26,S,Mr
1082,1083,1,0,0,male,b,0.26,S,Mr
1083,1084,3,1,1,male,b,0.145,S,Master
1084,1085,2,0,0,male,g,0.1235,Q,Mr
1085,1086,2,0,2,male,a,0.325,S,Master
1086,1087,3,0,0,male,d,0.078542,S,Mr
1087,1088,1,0,2,male,a,1.345,C,Master
1088,1089,3,0,0,female,b,0.07775,S,Miss
1089,1090,2,0,0,male,c,0.105,S,Mr
1090,1091,3,0,0,female,b,0.081125,S,Mrs
1091,1092,3,0,0,female,b,0.155,Q,Miss
1092,1093,3,0,2,male,a,0.14400000000000002,S,Master
1093,1094,1,1,0,male,e,2.27525,C,Col
1094,1095,2,1,1,female,a,0.26,S,Miss
1095,1096,2,0,0,male,c,0.105,S,Mr
1096,1097,1,0,0,male,b,0.257417,C,Mr
1097,1098,3,0,0,female,d,0.0775,Q,Miss
1098,1099,2,0,0,male,c,0.105,S,Mr
1099,1100,1,0,0,female,d,0.277208,C,Miss
1100,1101,3,0,0,male,c,0.078958,S,Mr
1101,1102,3,0,0,male,d,0.22524999999999998,S,Mr
1102,1103,3,0,0,male,b,0.0705,S,Mr
1103,1104,2,0,0,male,b,0.735,S,Mr
1104,1105,2,1,0,female,f,0.26,S,Mrs
1105,1106,3,4,2,female,d,0.07775,S,Miss
1106,1107,1,0,0,male,e,0.425,S,Mr
1107,1108,3,0,0,female,b,0.078792,Q,Miss
1108,1109,1,1,1,male,f,1.648667,S,Mr
1109,1110,1,1,1,female,e,2.115,C,Mrs
1110,1111,3,0,0,male,b,0.0805,S,Mr
1111,1112,2,1,0,female,c,0.138583,C,Miss
1112,1113,3,0,0,male,c,0.0805,S,Mr
1113,1114,2,0,0,female,c,0.105,S,Mrs
1114,1115,3,0,0,male,c,0.077958,S,Mr
1115,1116,1,0,0,female,f,0.274458,C,Mrs
1116,1117,3,0,2,female,b,0.15245799999999998,C,Mrs
1117,1118,3,0,0,male,c,0.077958,S,Mr
1118,1119,3,0,0,female,b,0.0775,Q,Miss
1119,1120,3,0,0,male,e,0.151,S,Mr
1120,1121,2,0,0,male,d,0.13,S,Mr
1121,1122,2,0,0,male,b,0.65,S,Mr
1122,1123,1,0,0,female,c,0.2655,S,Miss
1123,1124,3,1,0,male,c,0.064958,S,Mr
1124,1125,3,0,0,male,b,0.078792,Q,Mr
1125,1126,1,1,0,male,d,0.7128329999999999,C,Mr
1126,1127,3,0,0,male,b,0.078542,S,Mr
1127,1128,1,1,0,male,g,0.7525,C,Mr
1128,1129,3,0,0,male,b,0.07225,C,Mr
1129,1130,2,1,1,female,b,0.13,S,Miss
1130,1131,1,1,0,female,e,1.06425,C,Mrs
1131,1132,1,0,0,female,f,0.277208,C,Mrs
1132,1133,2,0,2,female,e,0.3,S,Mrs
1133,1134,1,1,1,male,e,1.345,C,Mr
1134,1135,3,0,0,male,b,0.078875,S,Mr
1135,1136,3,1,2,male,b,0.2345,S,Master
1136,1137,1,1,0,male,e,0.518625,S,Mr
1137,1138,2,0,0,female,c,0.21,S,Mrs
1138,1139,2,1,1,male,e,0.325,S,Mr
1139,1140,2,1,0,female,c,0.26,S,Mrs
1140,1141,3,1,0,female,b,0.144542,C,Mrs
1141,1142,2,1,2,female,a,0.2775,S,Miss
1142,1143,3,0,0,male,b,0.07925,S,Mr
1143,1144,1,1,0,male,c,1.3677920000000001,C,Mr
1144,1145,3,0,0,male,c,0.09325,S,Mr
1145,1146,3,0,0,male,d,0.095,S,Mr
1146,1147,3,0,0,male,b,0.0755,S,Mr
1147,1148,3,0,0,male,b,0.0775,Q,Mr
1148,1149,3,0,0,male,c,0.0805,S,Mr
1149,1150,2,0,0,female,b,0.13,S,Miss
1150,1151,3,0,0,male,c,0.07775,S,Mr
1151,1152,3,1,0,male,d,0.174,S,Mr
1152,1153,3,0,0,male,c,0.078542,S,Mr
1153,1154,2,0,2,female,c,0.23,S,Mrs
1154,1155,3,1,1,female,a,0.121833,S,Miss
1155,1156,2,0,0,male,c,0.12737500000000002,C,Mr
1156,1157,3,0,0,male,b,0.078958,S,Mr
1157,1158,1,0,0,male,b,0.0,S,Mr
1158,1159,3,0,0,male,b,0.0755,S,Mr
1159,1160,3,0,0,female,b,0.0805,S,Miss
1160,1161,3,0,0,male,b,0.086625,S,Mr
1161,1162,1,0,0,male,e,0.7524169999999999,C,Mr
1162,1163,3,0,0,male,b,0.0775,Q,Mr
1163,1164,1,1,0,female,c,1.3677920000000001,C,Mrs
1164,1165,3,1,0,female,b,0.155,Q,Miss
1165,1166,3,0,0,male,b,0.07225,C,Mr
1166,1167,2,1,0,female,b,0.26,S,Miss
1167,1168,2,0,0,male,c,0.105,S,Mr
1168,1169,2,1,0,male,d,0.26,S,Mr
1169,1170,2,1,0,male,c,0.21,S,Mr
1170,1171,2,0,0,male,c,0.105,S,Mr
1171,1172,3,0,0,female,c,0.086625,S,Miss
1172,1173,3,1,1,male,a,0.13775,S,Master
1173,1174,3,0,0,female,b,0.0775,Q,Miss
1174,1175,3,1,1,female,a,0.15245799999999998,C,Miss
1175,1176,3,1,1,female,a,0.202125,S,Miss
1176,1177,3,0,0,male,d,0.0725,S,Mr
1177,1178,3,0,0,male,b,0.0725,S,Mr
1178,1179,1,1,0,male,c,0.822667,S,Mr
1179,1180,3,0,0,male,b,0.072292,C,Mr
1180,1181,3,0,0,male,b,0.0805,S,Mr
1181,1182,1,0,0,male,b,0.396,S,Mr
1182,1183,3,0,0,female,c,0.0695,Q,Miss
1183,1184,3,0,0,male,b,0.072292,C,Mr
1184,1185,1,1,1,male,f,0.818583,S,Dr
1185,1186,3,0,0,male,d,0.095,S,Mr
1186,1187,3,0,0,male,c,0.078958,S,Mr
1187,1188,2,1,2,female,a,0.415792,C,Miss
1188,1189,3,2,0,male,b,0.216792,C,Mr
1189,1190,1,0,0,male,c,0.455,S,Mr
1190,1191,3,0,0,male,c,0.078542,S,Mr
1191,1192,3,0,0,male,d,0.07775,S,Mr
1192,1193,2,0,0,male,b,0.150458,C,Mr
1193,1194,2,0,1,male,e,0.21,S,Mr
1194,1195,3,0,0,male,c,0.086625,S,Mr
1195,1196,3,0,0,female,b,0.0775,Q,Miss
1196,1197,1,1,1,female,g,0.2655,S,Mrs
1197,1198,1,1,2,male,c,1.5155,S,Mr
1198,1199,3,0,1,male,a,0.0935,S,Master
1199,1200,1,1,1,male,f,0.935,S,Mr
1200,1201,3,1,0,female,e,0.141083,S,Mrs
1201,1202,3,0,0,male,b,0.086625,S,Mr
1202,1203,3,0,0,male,c,0.07225,C,Mr
1203,1204,3,0,0,male,b,0.07575,S,Mr
1204,1205,3,0,0,female,d,0.0775,Q,Miss
1205,1206,1,0,0,female,f,1.356333,C,Mrs
1206,1207,3,0,0,female,b,0.077333,Q,Miss
1207,1208,1,1,0,male,f,1.465208,C,Mr
1208,1209,2,0,0,male,b,0.105,S,Mr
1209,1210,3,0,0,male,c,0.078542,S,Mr
1210,1211,2,2,0,male,c,0.315,S,Mr
1211,1212,3,0,0,male,c,0.07775,S,Mr
1212,1213,3,0,0,male,c,0.072292,C,Mr
1213,1214,2,0,0,male,c,0.13,S,Mr
1214,1215,1,0,0,male,d,0.2655,S,Mr
1215,1216,1,0,0,female,d,2.113375,S,Miss
1216,1217,3,0,0,male,c,0.0705,S,Mr
1217,1218,2,2,1,female,b,0.39,S,Miss
1218,1219,1,0,0,male,e,0.792,C,Mr
1219,1220,2,1,0,male,c,0.26,S,Mr
1220,1221,2,0,0,male,c,0.13,S,Mr
1221,1222,2,0,2,female,e,0.3675,S,Mrs
1222,1223,1,0,0,male,d,0.297,C,Mr
1223,1224,3,0,0,male,b,0.07225,C,Mr
1224,1225,3,1,1,female,b,0.157417,C,Mrs
1225,1226,3,0,0,male,c,0.078958,S,Mr
1226,1227,1,0,0,male,c,0.26,S,Mr
1227,1228,2,0,0,male,d,0.13,S,Mr
1228,1229,3,0,2,male,d,0.072292,C,Mr
1229,1230,2,0,0,male,c,0.315,S,Mr
1230,1231,3,0,0,male,b,0.072292,C,Master
1231,1232,2,0,0,male,b,0.105,S,Mr
1232,1233,3,0,0,male,d,0.075792,S,Mr
1233,1234,3,1,9,male,b,0.6955,S,Mr
1234,1235,1,0,1,female,f,5.123292,C,Mrs
1235,1236,3,1,1,male,b,0.145,S,Master
1236,1237,3,0,0,female,b,0.0765,S,Miss
1237,1238,2,0,0,male,c,0.13,S,Mr
1238,1239,3,0,0,female,d,0.072292,C,Mrs
1239,1240,2,0,0,male,c,0.135,S,Mr
1240,1241,2,0,0,female,d,0.21,S,Miss
1241,1242,1,0,1,female,e,0.633583,C,Mrs
1242,1243,2,0,0,male,c,0.105,S,Mr
1243,1244,2,0,0,male,b,0.735,S,Mr
1244,1245,2,1,2,male,e,0.65,S,Mr
1245,1246,3,1,2,female,a,0.20575,S,Miss
1246,1247,1,0,0,male,e,0.26,S,Mr
1247,1248,1,2,0,female,f,0.514792,S,Mrs
1248,1249,3,0,0,male,b,0.078792,S,Mr
1249,1250,3,0,0,male,b,0.0775,Q,Mr
1250,1251,3,1,0,female,c,0.1555,S,Mrs
1251,1252,3,8,2,male,b,0.6955,S,Master
1252,1253,2,1,1,female,c,0.370042,C,Mrs
1253,1254,2,0,0,female,d,0.21,S,Mrs
1254,1255,3,0,0,male,c,0.086625,S,Mr
1255,1256,1,1,0,female,c,0.5544169999999999,C,Mrs
1256,1257,3,1,9,female,b,0.6955,S,Mrs
1257,1258,3,1,0,male,b,0.144583,C,Mr
1258,1259,3,0,0,female,c,0.396875,S,Miss
1259,1260,1,0,1,female,e,0.594,C,Mrs
1260,1261,2,0,0,male,c,0.138583,C,Mr
1261,1262,2,1,0,male,c,0.115,S,Mr
1262,1263,1,0,0,female,d,1.345,C,Miss
1263,1264,1,0,0,male,e,0.0,S,Mr
1264,1265,2,0,0,male,e,0.13,S,Mr
1265,1266,1,1,1,female,f,0.818583,S,Mrs
1266,1267,1,0,0,female,e,2.62375,C,Miss
1267,1268,3,2,0,female,c,0.086625,S,Miss
1268,1269,2,0,0,male,c,0.115,S,Mr
1269,1270,1,0,0,male,f,0.5,S,Mr
1270,1271,3,4,2,male,a,0.313875,S,Master
1271,1272,3,0,0,male,b,0.0775,Q,Mr
1272,1273,3,0,0,male,c,0.078792,Q,Mr
1273,1274,3,0,0,female,b,0.145,S,Mrs
1274,1275,3,1,0,female,b,0.161,S,Mrs
1275,1276,2,0,0,male,b,0.12875,S,Mr
1276,1277,2,1,2,female,c,0.65,S,Miss
1277,1278,3,0,0,male,c,0.07775,S,Mr
1278,1279,2,0,0,male,f,0.13,S,Mr
1279,1280,3,0,0,male,c,0.0775,Q,Mr
1280,1281,3,3,1,male,a,0.21075,S,Master
1281,1282,1,0,0,male,c,0.935,S,Mr
1282,1283,1,0,1,female,f,0.39399999999999996,S,Mrs
1283,1284,3,0,2,male,b,0.2025,S,Master
1284,1285,2,0,0,male,e,0.105,S,Mr
1285,1286,3,3,1,male,c,0.22024999999999997,S,Mr
1286,1287,1,1,0,female,b,0.6,S,Mrs
1287,1288,3,0,0,male,c,0.0725,Q,Mr
1288,1289,1,1,1,female,e,0.792,C,Mrs
1289,1290,3,0,0,male,c,0.07775,S,Mr
1290,1291,3,0,0,male,d,0.077333,Q,Mr
1291,1292,1,0,0,female,c,1.648667,S,Miss
1292,1293,2,1,0,male,d,0.21,S,Mr
1293,1294,1,0,1,female,c,0.594,C,Miss
1294,1295,1,0,0,male,b,0.47100000000000003,S,Mr
1295,1296,1,1,0,male,e,0.277208,C,Mr
1296,1297,2,0,0,male,b,0.138625,C,Mr
1297,1298,2,1,0,male,c,0.105,S,Mr
1298,1299,1,1,1,male,e,2.115,C,Mr
1299,1300,3,0,0,female,b,0.077208,Q,Miss
1300,1301,3,1,1,female,a,0.13775,S,Miss
1301,1302,3,0,0,female,b,0.0775,Q,Miss
1302,1303,1,1,0,female,d,0.9,Q,Mrs
1303,1304,3,0,0,female,c,0.07775,S,Miss
1304,1305,3,0,0,male,b,0.0805,S,Mr
1305,1306,1,0,0,female,d,1.089,C,Dona
1306,1307,3,0,0,male,d,0.0725,S,Mr
1307,1308,3,0,0,male,b,0.0805,S,Mr
1308,1309,3,1,1,male,b,0.223583,C,Master
